ticker,gics_sector,n_test_bars,n_trades,total_return,sharpe
MPC,Energy,132,21,0.11218578231757936,3.8738882010445908
FIX,Industrials,132,48,0.1668653867593739,3.6514056220450075
VLO,Energy,132,33,0.10281237241864671,3.6306190720653593
NWS,Communication Services,132,25,0.09974308704140888,3.466156650535001
OXY,Energy,132,21,0.0657350378582382,3.4358086273454673
SNDK,Information Technology,132,66,0.1973550786167957,3.3728367226575426
GOOG,Communication Services,132,12,0.06016234773735096,2.9756045316914257
GOOGL,Communication Services,132,10,0.05217054644253527,2.9347293473449123
YUM,Consumer Discretionary,132,9,0.03535062847780601,2.8068399915971884
FLEX,Information Technology,132,73,0.13955879893618972,2.801862349811621
CVX,Energy,132,8,0.02655024209332013,2.7816654728189065
MCD,Consumer Discretionary,132,5,0.017899574877612068,2.780614350621716
JBL,Information Technology,132,57,0.10444598050658405,2.780558923376121
SLB,Energy,132,36,0.06738453939589562,2.753213189115802
NWSA,Communication Services,132,5,0.044433508674090794,2.7526053037082274
HAL,Energy,132,22,0.05285734534683861,2.7336539372551916
WDC,Information Technology,132,81,0.13825515470900096,2.7195476607266773
CIEN,Information Technology,132,77,0.13640888379696192,2.626931881090199
FOXA,Communication Services,132,22,0.045548394443946094,2.5749233883292493
CMCSA,Communication Services,132,8,0.026463341659070938,2.447272837982628
APH,Information Technology,132,70,0.10495078587559337,2.433649229361727
META,Communication Services,132,13,0.04523388113784499,2.412725829703671
APA,Energy,132,69,0.10900835065656178,2.359851702011956
DELL,Information Technology,132,68,0.1729533204479048,2.320387061261236
CAH,Health Care,132,4,0.01974293144393857,2.306221228298331
SYY,Consumer Staples,132,3,0.006454059773459031,2.287041771209814
FOX,Communication Services,132,25,0.04892501283315509,2.254177915196806
LITE,Information Technology,132,76,0.10391399920836442,2.249654553096503
AES,Utilities,132,6,0.02875162045742563,2.2244768144084146
WST,Health Care,132,9,0.02828869505691811,2.1996595399192658
ANET,Information Technology,132,75,0.11066025840331384,2.1979931455318313
AMD,Information Technology,132,77,0.10454149266340629,2.1666707995614756
APTV,Consumer Discretionary,132,40,0.08355914573290901,2.161224560125706
TJX,Consumer Discretionary,132,4,0.016903889134775252,2.139512720540306
EOG,Energy,132,7,0.026309233068655624,2.1159615788490695
DVN,Energy,132,14,0.025402693982360613,2.1097181445039572
DIS,Communication Services,132,7,0.06155324598220613,2.1087395641336593
CB,Financials,132,4,0.030231236745345003,2.1045418952118746
MRVL,Information Technology,132,70,0.11414194560539692,2.0875353192081043
DRI,Consumer Discretionary,132,6,0.019685688423484393,2.0830983409799675
MU,Information Technology,132,78,0.13836265833560346,2.0611598967648828
STZ,Consumer Staples,132,9,0.017526662035987073,2.02364679129235
DOC,Real Estate,132,6,0.01804443849454196,2.0158875482173264
STX,Information Technology,132,83,0.10859987254192771,2.013790314807011
MRNA,Health Care,132,59,0.08925034137335852,2.009895812232995
WRB,Financials,132,5,0.02555284447335615,2.006826530743639
HUM,Health Care,132,28,0.06956525229855348,1.9699325705944
KKR,Financials,132,43,0.05042474255038698,1.961020168692831
CVS,Health Care,132,8,0.04443830611149169,1.9564057662351508
CHD,Consumer Staples,132,6,0.025255547350887086,1.9514978211252492
ROST,Consumer Discretionary,132,8,0.06644889011969934,1.9350341318010233
TPR,Consumer Discretionary,132,24,0.047392784633718765,1.9187377275460877
VRT,Industrials,132,58,0.08035726945170918,1.9042371606999995
ARE,Real Estate,132,56,0.07997197110077603,1.9016907549978006
SPG,Real Estate,132,3,0.007790012769084864,1.8956663737141162
HD,Consumer Discretionary,132,7,0.023778772282792682,1.8838823879837143
COP,Energy,132,21,0.03614506271410334,1.883805793515888
HPE,Information Technology,132,64,0.0931280088762263,1.8453289761073988
Q,Information Technology,111,63,0.08361886122627982,1.837841551448755
LLY,Health Care,132,14,0.02919630687956909,1.8235362096555379
UNH,Health Care,132,4,0.04871203270874225,1.8228556953910267
CFG,Financials,132,7,0.023906837531071368,1.8057912750428424
SMCI,Information Technology,132,76,0.07539910225870705,1.7853728108672855
RL,Consumer Discretionary,132,20,0.04313955153224991,1.7792454372642221
TKO,Communication Services,132,20,0.03225876485070622,1.7661202032149077
MTB,Financials,132,5,0.029675289837591157,1.7552549807101678
REG,Real Estate,132,2,0.020542240413560897,1.7531417848727089
TDY,Information Technology,132,4,0.029993394851613786,1.692892659986612
AMAT,Information Technology,132,54,0.09008823271725896,1.6784943669960606
COST,Consumer Staples,132,5,0.022128806996547734,1.6626394243698113
MAR,Consumer Discretionary,132,5,0.031747514875376526,1.6194597430304114
INTC,Information Technology,132,62,0.08786361732264458,1.6116062841394336
D,Utilities,132,8,0.061182257848026556,1.6086896555592765
NTAP,Information Technology,132,27,0.08468525673168803,1.575854468324003
UAL,Industrials,132,54,0.06460545031192377,1.572687769390518
PAYX,Industrials,132,8,0.02020303964487069,1.572083841881939
OKE,Energy,132,16,0.02863041523216059,1.5698641503144246
CDW,Information Technology,132,44,0.042967718858448745,1.505010420169609
XOM,Energy,132,10,0.011442320387637928,1.5036050431939787
LOW,Consumer Discretionary,132,6,0.01793011892729557,1.5010137141771114
IVZ,Financials,132,36,0.037047240025837924,1.4793870515922667
PSX,Energy,132,15,0.020436782393086217,1.466484407078073
FFIV,Information Technology,132,16,0.02625009300116954,1.4526741728448747
WELL,Real Estate,132,6,0.0238641899944394,1.4522209000211543
DG,Consumer Staples,132,14,0.021865067506370295,1.4437431751241587
WTW,Financials,132,11,0.014876544215660648,1.4430992394288904
PANW,Information Technology,132,65,0.06517371204526934,1.4381179577547754
COHR,Information Technology,132,80,0.060727938922125135,1.4307378813870875
KIM,Real Estate,132,2,0.007068985045303844,1.4283142765398198
CVNA,Consumer Discretionary,132,71,0.053307705263160976,1.4076279190610081
TROW,Financials,132,4,0.014769618915746685,1.39597612501627
HIG,Financials,132,3,0.011900138872045218,1.3935667767962048
AVB,Real Estate,132,1,0.007179446649292265,1.3816985594155153
MAA,Real Estate,132,1,0.006581342581690519,1.3816985594155153
EQR,Real Estate,132,1,0.007912389801892017,1.3816985594155151
FRT,Real Estate,132,1,0.009670484676934876,1.3816985594155151
UDR,Real Estate,132,1,0.005373216563557159,1.3816985594155151
ESS,Real Estate,132,1,0.0066403773709549085,1.381698559415515
INVH,Real Estate,132,1,0.012463908016288716,1.381698559415515
HST,Real Estate,132,1,0.00408098837474502,1.3816985594155144
OMC,Communication Services,132,20,0.026037667540127263,1.3744668049295798
C,Financials,132,14,0.01959141669507347,1.3652999646917878
BKNG,Consumer Discretionary,132,55,0.04519130798892834,1.3586369309828394
ZBH,Health Care,132,3,0.013280674308028484,1.3495751709361774
ECHO,Communication Services,132,57,0.05041826715334152,1.3316145388249758
FANG,Energy,132,20,0.030263252388988304,1.3241026492942372
BA,Industrials,132,8,0.017558407373631457,1.3066325887124053
FDS,Financials,132,61,0.0579678810233899,1.2953178281951667
UBER,Industrials,132,20,0.02908989710358645,1.2926846542313524
MRK,Health Care,132,2,0.011918980715750482,1.2891009997477283
MPWR,Information Technology,132,71,0.06414236475966129,1.2852803886711093
ALL,Financials,132,2,0.01099298684563399,1.2807679029189452
BKR,Energy,132,14,0.016051918803200893,1.2789251839803644
TER,Information Technology,132,58,0.07089049512330536,1.2638360962771007
LULU,Consumer Discretionary,132,36,0.030646230357942894,1.2541334219656062
DECK,Consumer Discretionary,132,29,0.030122601029427765,1.2458999893793847
O,Real Estate,132,2,0.007057233420507458,1.2417904739602066
TXN,Information Technology,132,34,0.04246168977663278,1.2097144756273002
LDOS,Industrials,132,12,0.01652566417871748,1.1956521032153964
AFL,Financials,132,4,0.007528038381433122,1.1708620617164127
FTNT,Information Technology,132,51,0.044147620889542605,1.1675983895535527
PWR,Industrials,132,31,0.03120975055848607,1.1553420595207793
TEL,Information Technology,132,26,0.02328717869862551,1.1380381312782897
BG,Consumer Staples,132,19,0.023188952460571954,1.1260044288943074
MRSH,Financials,132,5,0.023261429601610484,1.1211618435262174
NOC,Industrials,132,5,0.0092620178727012,1.1187364190542135
GEN,Information Technology,132,57,0.04138283642173213,1.1123057257469795
BX,Financials,132,43,0.03185590796289217,1.0897544261349321
CRWD,Information Technology,132,76,0.05275338042027422,1.0856623573652044
AMZN,Consumer Discretionary,132,11,0.01405019343937619,1.0706290889787589
ELV,Health Care,132,11,0.016848907993223028,1.0536379237746865
MET,Financials,132,4,0.0091808994946041,1.0491286330288108
GLW,Information Technology,132,80,0.05733470890141912,1.0188604391128355
FSLR,Information Technology,132,75,0.040678298018897774,1.0150852849438061
CMG,Consumer Discretionary,132,23,0.021023064030400773,1.009217649767204
VTR,Real Estate,132,5,0.013206495659141337,0.9954801665684635
DLTR,Consumer Staples,132,52,0.04437872200969384,0.9838264611794368
MA,Financials,132,7,0.011802950193032125,0.9752375505901628
PYPL,Financials,132,13,0.011628481248566969,0.951512857800011
NCLH,Consumer Discretionary,132,75,0.043501675510363436,0.9095289530202509
HAS,Consumer Discretionary,132,8,0.012732202398017423,0.8810285615925133
GM,Consumer Discretionary,132,10,0.010677160914080552,0.8731881672550559
PTC,Information Technology,132,32,0.021534571155574556,0.8720635238230459
DXCM,Health Care,132,25,0.02238888845483067,0.8580133070542559
PODD,Health Care,132,37,0.026337863867205602,0.8429351041866844
BBY,Consumer Discretionary,132,24,0.018671277716338697,0.8311886874010856
AAPL,Information Technology,132,10,0.011706092034832416,0.8278808936712557
LYV,Communication Services,132,18,0.015953520199835758,0.8065681113254569
RCL,Consumer Discretionary,132,62,0.03310677428483544,0.7958909968882665
HBAN,Financials,132,5,0.007772181989801341,0.7856688913281741
DOW,Materials,132,59,0.02503128751606809,0.7651760496300206
RMD,Health Care,132,5,0.0058290334810242594,0.7646552437666548
TFC,Financials,132,6,0.006803234630323951,0.7621874865125613
NTRS,Financials,132,4,0.007976799446308913,0.7616720321086687
KLAC,Information Technology,132,70,0.038432527448027276,0.7399085573167972
LUV,Industrials,132,55,0.024846775873743843,0.7360757040420206
CPAY,Financials,132,35,0.020584876377568007,0.7355980901565521
LRCX,Information Technology,132,82,0.03827543948832535,0.7258789121523261
EBAY,Consumer Discretionary,132,27,0.016375605389265635,0.7090447394481393
NXPI,Information Technology,132,42,0.021053297555873485,0.702054774367729
STT,Financials,132,4,0.006034368099013365,0.6992099688905946
J,Industrials,132,14,0.010094952209085628,0.6979775644159486
SWKS,Information Technology,132,53,0.02520556146404096,0.6783536488326192
AVGO,Information Technology,132,68,0.02753364231579325,0.6742821674143734
DASH,Consumer Discretionary,132,70,0.02767770275223791,0.6719868917567009
AKAM,Information Technology,132,59,0.03454101097647233,0.6309153396854846
PFE,Health Care,132,3,0.008174381606925074,0.6120596531197365
INCY,Health Care,132,11,0.008871646103524089,0.6032001264687863
ALGN,Health Care,132,31,0.01981807788953005,0.5925506218247611
DAL,Industrials,132,32,0.012703796318936478,0.592019976420361
EXPE,Consumer Discretionary,132,54,0.01822595176581454,0.5909768956439988
SBAC,Real Estate,132,17,0.012804774395826168,0.5872033644161724
PHM,Consumer Discretionary,132,9,0.008518997568564668,0.5799211937392112
F,Consumer Discretionary,132,34,0.01646340475664454,0.5794911135656847
CHRW,Industrials,132,27,0.011685849122548664,0.5503262462660214
IBKR,Financials,132,40,0.016749531823385677,0.5417390957742644
SPGI,Financials,132,12,0.007967361061270495,0.5317847595602858
BALL,Materials,132,9,0.006818676218494968,0.5265448376706174
TRV,Financials,132,3,0.002470060223998205,0.49937354289496416
EFX,Industrials,132,31,0.01306745104500262,0.49612119785798997
GE,Industrials,132,12,0.006364747164393059,0.4893320527476614
CTVA,Materials,132,8,0.004188941996688067,0.48720554458210025
PFG,Financials,132,7,0.00444151330919218,0.47726200215375464
VST,Utilities,132,55,0.016215194386360876,0.4756374640805714
DHI,Consumer Discretionary,132,11,0.006856095069086132,0.46915427486968847
TSLA,Consumer Discretionary,132,38,0.015457214632094818,0.46060036946790645
BIIB,Health Care,132,5,0.00500855203962991,0.437890090442531
NVR,Consumer Discretionary,132,6,0.0073718757210665675,0.4365152672363671
PGR,Financials,132,6,0.005401080489328081,0.4274907795681362
RJF,Financials,132,4,0.003937019120018981,0.3994009399646481
CPT,Real Estate,132,2,0.00177848549859827,0.3936776866620375
AMP,Financials,132,4,0.00291984483988017,0.3932683606215588
COF,Financials,132,13,0.005792645253022366,0.3848851534555572
ULTA,Consumer Discretionary,132,15,0.004848631740550946,0.37893010175425673
MCHP,Information Technology,132,46,0.011979959118257666,0.36811086166689455
ICE,Financials,132,5,0.008882392793960747,0.36231759090062826
ODFL,Industrials,132,23,0.009351217817983093,0.35757247757312943
WYNN,Consumer Discretionary,132,20,0.005054665231078781,0.3449478661607222
CHTR,Communication Services,132,47,0.008261480445032277,0.33200085157507575
KEYS,Information Technology,132,33,0.008722654488507287,0.3276314633037136
APO,Financials,132,39,0.00853284356981665,0.3247696045553253
SHW,Materials,132,11,0.00543063611141581,0.3246462665369371
BAC,Financials,132,5,0.0026144950726838534,0.3087060936717598
FITB,Financials,132,3,0.002743220102865207,0.3071745836071723
MSCI,Financials,132,5,0.003503184913104862,0.27968297708214607
PLD,Real Estate,132,3,0.0009248150719574078,0.2725467681295719
QCOM,Information Technology,132,41,0.01055044582427489,0.2533221748544825
PNC,Financials,132,6,0.002761719455435685,0.246388159117694
BNY,Financials,132,5,0.0012472497794706605,0.23729396172774775
SYF,Financials,132,8,0.002171109340099342,0.23249720490907402
BR,Industrials,132,8,0.002620602395309035,0.2299342663989603
TMUS,Communication Services,132,10,0.0036253606124996285,0.2282050767686156
VRTX,Health Care,132,6,0.0016844791362742306,0.2281273718875322
CSCO,Information Technology,132,21,0.00778359589169475,0.20490955621145285
TTWO,Communication Services,132,32,0.004009950731562961,0.19775216611333
ADSK,Information Technology,132,55,0.0050958309526158985,0.1950454288496064
HCA,Health Care,132,6,0.0017818832355829262,0.18275205055915597
SYK,Health Care,132,3,0.0014691726351492296,0.18272080305474758
MSI,Information Technology,132,4,0.001964813974149715,0.17808290499314924
EA,Communication Services,132,6,0.0008347105241302,0.1739189113158361
ABNB,Consumer Discretionary,132,17,0.002281920121611769,0.16838956729810048
MS,Financials,132,14,0.001673533033221375,0.15712566492382862
PSA,Real Estate,132,2,0.0012366108709678247,0.15333514930906503
RVTY,Health Care,132,32,0.0033129050168454466,0.13854373812009282
VRSK,Industrials,132,27,0.002916767773402551,0.13724269872658465
TDG,Industrials,132,7,0.0018838304741211065,0.13250005633626005
SO,Utilities,132,6,0.0013145532164238194,0.12766275320791362
ROL,Industrials,132,5,0.0012176513305215408,0.1262962552420996
NUE,Materials,132,11,0.001655455488043911,0.11137037739682805
EXC,Utilities,132,6,0.000706280071733012,0.10150481789345354
KVUE,Consumer Staples,132,4,0.0006276549390382691,0.09776758191487069
GPN,Financials,132,35,0.0018798668159167864,0.09098717639504822
ACGL,Financials,132,3,0.0002964131068743381,0.08488162697849676
RF,Financials,132,5,0.0006981480173646748,0.08047673140005746
TECH,Health Care,132,42,0.0011472170652069291,0.06602409534349107
ZBRA,Information Technology,132,41,0.0010108121342093934,0.0630411768795078
CAT,Industrials,132,19,0.0007930211793509834,0.05557543551381191
WBD,Communication Services,132,4,0.00038410438065961117,0.05476101790531405
AXP,Financials,132,6,0.0002944819549228761,0.04510225883104213
FAST,Industrials,132,3,0.00024954777526486893,0.0436322139496228
EW,Health Care,132,6,0.00020761448087713852,0.029468731504097585
PM,Consumer Staples,132,8,-0.00005343332757201669,0.010913035603217523
HON,Industrials,132,7,-0.00002709707745673917,0.006109727242463939
USB,Financials,132,5,-0.00006684333568551803,0.0034218422831401064
ON,Information Technology,132,59,-0.0018679997082471367,0.0028950066321653195
EQIX,Real Estate,132,0,0.0,0.0
AMCR,Materials,132,19,-0.0016314569133991652,-0.01642017509541327
FICO,Information Technology,132,76,-0.0034095591661942315,-0.02679140381741617
IP,Materials,132,62,-0.0027315678037627134,-0.02922584852258859
HLT,Consumer Discretionary,132,5,-0.0007341787883859974,-0.0343273109334917
CI,Health Care,132,7,-0.0005956436744584126,-0.03786416295628544
V,Financials,132,6,-0.0009781139134189543,-0.04596860465086222
ADP,Industrials,132,7,-0.000433031236057424,-0.05141488678205936
BF.B,Consumer Staples,132,43,-0.0029393009123711566,-0.05307621363923525
CINF,Financials,132,5,-0.0003844978438234392,-0.053748354275170884
GL,Financials,132,3,-0.000697720273598379,-0.05436999093548353
GEV,Industrials,132,50,-0.0031185679261268584,-0.06694032791517873
VICI,Real Estate,132,2,-0.0005658866733726509,-0.07875087327517598
MNST,Consumer Staples,132,8,-0.0009735204007040865,-0.07953302636507698
CNC,Health Care,132,55,-0.005207508308010089,-0.09778791887299516
HOOD,Financials,132,73,-0.0068786620401858345,-0.09861510915138488
DUK,Utilities,132,7,-0.0012438820936183648,-0.10544562729976575
HWM,Industrials,132,7,-0.0008645658962761482,-0.10548598299301241
GNRC,Industrials,132,43,-0.005722835324326603,-0.11495511769077252
CCL,Consumer Discretionary,132,70,-0.00802490284836943,-0.13793048420745324
HII,Industrials,132,17,-0.004357664298673902,-0.14357988401400257
HPQ,Information Technology,132,49,-0.00607480059681631,-0.16572653878889818
ETN,Industrials,132,25,-0.005397503653425506,-0.17429787440368624
DPZ,Consumer Discretionary,132,6,-0.0014624417130640888,-0.18076661388139315
APP,Information Technology,132,77,-0.01036742371484456,-0.18139785922867585
AIG,Financials,132,3,-0.001330641887805073,-0.1835142217002736
XYZ,Financials,132,48,-0.007937156831575143,-0.19756551893304847
ORLY,Consumer Discretionary,132,7,-0.0036249900266206447,-0.201244746938526
LYB,Materials,132,54,-0.01021814178026792,-0.25375656084517884
TPL,Energy,132,71,-0.012765371903418199,-0.25952123680890116
ARES,Financials,132,69,-0.01238201316951959,-0.26088415991136055
EVRG,Utilities,132,6,-0.0031835660957277856,-0.26839150651984356
BRO,Financials,132,8,-0.0034860881737613925,-0.26875876015042766
LVS,Consumer Discretionary,132,13,-0.003045973637921473,-0.27390708476887593
FISV,Financials,132,35,-0.007268080332342275,-0.27434859047708576
UPS,Industrials,132,4,-0.002145293695771433,-0.27470752408543675
EMR,Industrials,132,4,-0.0015263817200721341,-0.2773693584971785
PRU,Financials,132,3,-0.0021938335425953914,-0.27763858377286943
BEN,Financials,132,5,-0.0033828474942461106,-0.2822013002512421
CSX,Industrials,132,3,-0.0012990328836763876,-0.28458839533538943
COIN,Financials,132,82,-0.01587398847555177,-0.2916021272664327
AEE,Utilities,132,6,-0.005207069061008318,-0.30318163605208565
ISRG,Health Care,132,7,-0.0018873983015472717,-0.30372912571752725
AXON,Industrials,132,65,-0.014307813832368566,-0.30625089793370514
URI,Industrials,132,10,-0.0030567186422314485,-0.30712977908455047
ROP,Information Technology,132,13,-0.004146207869430318,-0.3107873038479207
NRG,Utilities,132,53,-0.013283705621893294,-0.3166276092372363
AMT,Real Estate,132,7,-0.00753064593400532,-0.32489439697744027
TSN,Consumer Staples,132,9,-0.004403130138776801,-0.3494845832312074
AME,Industrials,132,8,-0.005746028025272132,-0.3688214430370942
CEG,Utilities,132,52,-0.013787944368737537,-0.3723240340876819
VEEV,Health Care,132,53,-0.01670407787464956,-0.3842021214289454
AMGN,Health Care,132,3,-0.0011313038814699805,-0.38824138532019353
GDDY,Information Technology,132,56,-0.017117787723234024,-0.4014462821271617
JPM,Financials,132,4,-0.0028224564351108095,-0.4054749917251981
KEY,Financials,132,5,-0.003680508279506167,-0.40924301076644015
IRM,Real Estate,132,13,-0.007346885991671326,-0.4157853722659134
SW,Materials,132,52,-0.02159258740810721,-0.4174454944644396
BRK.B,Financials,132,3,-0.0009447401306266201,-0.4192174284817663
AEP,Utilities,132,5,-0.007454987183463602,-0.44036392101270405
NOW,Information Technology,132,84,-0.021640785422641473,-0.4491515109192279
AZO,Consumer Discretionary,132,13,-0.009595000678057075,-0.4520208997338299
CRL,Health Care,132,36,-0.01590525866182735,-0.4600720928021703
TRGP,Energy,132,10,-0.00573619440056139,-0.47354991258325757
CDNS,Information Technology,132,50,-0.018905659975040234,-0.474712476018616
NDAQ,Financials,132,5,-0.005939669801348857,-0.475698679386481
DDOG,Information Technology,132,76,-0.023379203184291097,-0.4810935518884012
WFC,Financials,132,11,-0.005932993647146945,-0.4843822485808726
CBRE,Real Estate,132,25,-0.014312522817981677,-0.48479231148868357
EXPD,Industrials,132,8,-0.004553374616692696,-0.4908975845232411
BAX,Health Care,132,41,-0.014301720569666942,-0.49193598418953893
TYL,Information Technology,132,50,-0.018102987044964602,-0.5055434894433661
PEG,Utilities,132,5,-0.00868743362955704,-0.5240460877811169
WSM,Consumer Discretionary,132,22,-0.010892477709843695,-0.5263597761877464
VRSN,Information Technology,132,8,-0.008041536387241366,-0.5334462697228407
SCHW,Financials,132,9,-0.003868346050198812,-0.5444498689304361
VTRS,Health Care,132,7,-0.005799159897034611,-0.5464354130711684
WAT,Health Care,132,11,-0.008752590281824957,-0.5668296971887087
WMB,Energy,132,9,-0.007097737316965835,-0.5712809450749949
CBOE,Financials,132,23,-0.01782242283814439,-0.5849873729361126
WEC,Utilities,132,7,-0.006527123121253586,-0.6098844707278261
SNPS,Information Technology,132,49,-0.02461542296302177,-0.6210951424183005
EXR,Real Estate,132,2,-0.004441209671905644,-0.6293642294172587
ETR,Utilities,132,6,-0.010827170758571758,-0.6385515528567337
IBM,Information Technology,132,48,-0.01844560296896336,-0.6449526759990812
AJG,Financials,132,22,-0.013805832681081709,-0.6449715351521061
KO,Consumer Staples,132,2,-0.007916084372285304,-0.654631995901261
AVY,Materials,132,5,-0.007139042641876481,-0.662912958129037
IR,Industrials,132,4,-0.013184402773768977,-0.6760785432264012
DD,Materials,132,9,-0.009065746347598602,-0.6865434455056929
GRMN,Consumer Discretionary,132,7,-0.011402134606551373,-0.692129277436597
UNP,Industrials,132,2,-0.002100884558491667,-0.7092701154115183
TGT,Consumer Staples,132,7,-0.005547648343135592,-0.714763405708509
EME,Industrials,132,14,-0.013518584726861405,-0.7228704516781136
KDP,Consumer Staples,132,6,-0.0077893741576288145,-0.7235170321480393
PNW,Utilities,132,7,-0.007379952368590348,-0.7240037190191405
PPG,Materials,132,9,-0.014761633256925144,-0.727791161721322
CMS,Utilities,132,7,-0.011449499341560032,-0.7284347475825672
RSG,Industrials,132,4,-0.0035803511300159796,-0.7370220511423394
NEE,Utilities,132,7,-0.011857043881305485,-0.7557386533939701
ALB,Materials,132,71,-0.0373086129172604,-0.7619209320400823
NKE,Consumer Discretionary,132,6,-0.003873942399147512,-0.7865752339074157
CCI,Real Estate,132,8,-0.0096526706003226,-0.7968326465222991
CRH,Materials,132,11,-0.013453205638157661,-0.7982908987196938
KMB,Consumer Staples,132,3,-0.004745826145028498,-0.8007079892284716
NI,Utilities,132,7,-0.012941660332987936,-0.8007919901651228
NSC,Industrials,132,3,-0.0049740555808350795,-0.8262419062739368
FE,Utilities,132,7,-0.007925175531422357,-0.8273228360234158
ORCL,Information Technology,132,83,-0.04000314074255906,-0.86533932757936
FCX,Materials,132,61,-0.039124556048297676,-0.868640546135008
VLTO,Industrials,132,2,-0.004343826260139405,-0.8695888443910197
JNJ,Health Care,132,2,-0.004219817869514753,-0.8792393632640666
XEL,Utilities,132,5,-0.004236161642134584,-0.8806536694907491
CARR,Industrials,132,15,-0.01933433838328702,-0.9039043019483972
IQV,Health Care,132,34,-0.021656114412674232,-0.9103020609872501
NEM,Materials,132,53,-0.0379804567333869,-0.9214098929869067
HRL,Consumer Staples,132,6,-0.009054675594939221,-0.9277383400410291
CTAS,Industrials,132,5,-0.011506547286529667,-0.9370960204888014
LHX,Industrials,132,4,-0.005591463867760882,-0.9521545753343066
MGM,Consumer Discretionary,132,47,-0.029454176574580826,-0.9738905397434315
TRMB,Information Technology,132,11,-0.011037026986053133,-0.9937626146875651
ZTS,Health Care,132,13,-0.007611236062269988,-1.0090534175612886
LEN,Consumer Discretionary,132,19,-0.020178211581425742,-1.012164791565603
TSCO,Consumer Discretionary,132,32,-0.025078674314912064,-1.0153428460546077
PKG,Materials,132,7,-0.0143306251974189,-1.0208483929763914
EG,Financials,132,2,-0.004178469395276663,-1.0222447153192722
EL,Consumer Staples,132,57,-0.03615354145704919,-1.0253972302906098
VMC,Materials,132,13,-0.018805434435673285,-1.029608707515967
SWK,Industrials,132,31,-0.02900382355305564,-1.0566337702968056
CLX,Consumer Staples,132,7,-0.011703504239365281,-1.0575567145769798
KHC,Consumer Staples,132,7,-0.010743111581210107,-1.0608736343493914
DVA,Health Care,132,9,-0.006698526341859856,-1.0777459378625835
NVDA,Information Technology,132,30,-0.03516710575147408,-1.0900130239033878
ADI,Information Technology,132,29,-0.034968228109881316,-1.0962372047128324
BLK,Financials,132,14,-0.022902970303649184,-1.1090632826559161
NFLX,Communication Services,132,15,-0.02453112071878194,-1.1257255668249277
MAS,Industrials,132,3,-0.01693570326361582,-1.1283875009226845
IFF,Materials,132,17,-0.020125979328188492,-1.1287257226775633
ES,Utilities,132,7,-0.015982035616461276,-1.1298910483491933
CF,Materials,132,64,-0.04782376071181482,-1.1383786629747061
JBHT,Industrials,132,5,-0.014145463285375137,-1.138763804053848
DTE,Utilities,132,5,-0.0189194900177988,-1.153094523833365
A,Health Care,132,5,-0.008557025080139669,-1.1892551304697996
CL,Consumer Staples,132,4,-0.014797933742757285,-1.2029366072008043
MLM,Materials,132,13,-0.028692481632042077,-1.2110548059131174
GS,Financials,132,19,-0.018447983714983573,-1.222280566149035
MDT,Health Care,132,2,-0.00923380595087031,-1.2382520473277863
ABBV,Health Care,132,4,-0.003812700552245918,-1.264207018058005
EIX,Utilities,132,7,-0.021020327953852447,-1.2835092915458681
AWK,Utilities,132,9,-0.02839655706016897,-1.2917094476006945
LMT,Industrials,132,4,-0.007835758987615904,-1.3268348283422855
STE,Health Care,132,2,-0.013681194260890095,-1.3338581360180677
BXP,Real Estate,132,14,-0.015278259716914544,-1.3584378155944254
MSFT,Information Technology,132,14,-0.03255967967237128,-1.3598343024888333
EXE,Energy,132,34,-0.027403722342945525,-1.3610417997060424
IEX,Industrials,132,5,-0.020119706889011657,-1.363123964755602
CTSH,Information Technology,132,48,-0.04520857965356251,-1.3734203479824498
MO,Consumer Staples,132,1,-0.020000000000000018,-1.381698559415515
AON,Financials,132,1,-0.0014512115016502847,-1.3816985594155151
L,Financials,132,1,-0.0014764627536262287,-1.3816985594155151
COR,Health Care,132,5,-0.005407666243147924,-1.382728155347565
MOS,Materials,132,68,-0.05565763248587996,-1.3978922613776128
CMI,Industrials,132,7,-0.023073263303471814,-1.4076763213546777
FTV,Industrials,132,5,-0.012789418702750077,-1.4229194627971467
CASY,Consumer Staples,132,23,-0.03410924349664313,-1.4374811139485695
EQT,Energy,132,26,-0.023614561017818003,-1.4450314235422808
TTD,Communication Services,132,67,-0.05387239390940124,-1.4462816902279625
DE,Industrials,132,3,-0.01413398250664677,-1.4583327381522235
WAB,Industrials,132,4,-0.022972242590317493,-1.467863814914147
HUBB,Industrials,132,7,-0.01985786913287957,-1.474643064041268
SBUX,Consumer Discretionary,132,4,-0.008984451422935247,-1.4777847975699896
CNP,Utilities,132,7,-0.02511550279191266,-1.496993873820795
MCO,Financials,132,8,-0.02130411318325265,-1.498614539019027
WY,Real Estate,132,4,-0.02030454438478846,-1.508958287917391
STLD,Materials,132,23,-0.04347727749043906,-1.513746246556951
LNT,Utilities,132,8,-0.02894982661294887,-1.5215313949694997
ATO,Utilities,132,8,-0.02961421517236651,-1.5320503039305593
WMT,Consumer Staples,132,4,-0.006399466880438909,-1.5349708649223959
SRE,Utilities,132,4,-0.02292615770430373,-1.5411291070410977
ED,Utilities,132,6,-0.025655519125956205,-1.5534561833777232
ITW,Industrials,132,3,-0.021601353964611936,-1.554314877655737
OTIS,Industrials,132,2,-0.009939515646536723,-1.569308905806585
ADM,Consumer Staples,132,9,-0.024190653165039322,-1.5933888965256284
PPL,Utilities,132,5,-0.01097299223438486,-1.5954703883210275
FDX,Industrials,132,4,-0.013063113605227716,-1.6001627111450534
PLTR,Information Technology,132,77,-0.06875579115001862,-1.6001714251802215
TT,Industrials,132,4,-0.01509286508742036,-1.6067849438224882
CME,Financials,132,8,-0.03068167192239979,-1.6233406450347685
KMI,Energy,132,8,-0.025223413206328926,-1.643756170571554
PH,Industrials,132,7,-0.01815937164935033,-1.6505513225138104
LII,Industrials,132,8,-0.027957267257462726,-1.6596964811541348
CPRT,Industrials,132,4,-0.018525648351779056,-1.662187266834175
HSY,Consumer Staples,132,6,-0.013285004309293358,-1.6650868774701868
BMY,Health Care,132,2,-0.015707121167508054,-1.673993359436494
DHR,Health Care,132,3,-0.015688446860434246,-1.6886502494361184
CRM,Information Technology,132,68,-0.06738654432057967,-1.7006827462262184
ERIE,Financials,132,16,-0.04306465701967077,-1.7017799652128633
ECL,Materials,132,7,-0.029791614737356364,-1.7086989932689418
PCG,Utilities,132,7,-0.027956941039882333,-1.7195707183508209
JKHY,Financials,132,3,-0.014085899842049998,-1.7338137161957743
HSIC,Health Care,132,3,-0.015335969503310953,-1.7653672636030817
DGX,Health Care,132,3,-0.017704740831895438,-1.7658020686437605
SNA,Industrials,132,3,-0.02930199312962911,-1.802027292437325
PNR,Industrials,132,6,-0.024140130995760845,-1.8151321584447675
KR,Consumer Staples,132,7,-0.0296297206464603,-1.817711986189997
ACN,Information Technology,132,65,-0.06409570459333458,-1.8245317317057588
WM,Industrials,132,4,-0.016789194216573655,-1.830292784049069
MDLZ,Consumer Staples,132,5,-0.033564457768494926,-1.834925574679549
TMO,Health Care,132,3,-0.020102651598283172,-1.844734531445069
NDSN,Industrials,113,2,-0.013658135603812793,-1.8520731711515128
WDAY,Information Technology,132,82,-0.08828270831699248,-1.8562943931756473
COO,Health Care,132,4,-0.027382902306863355,-1.8584545897884084
MMM,Industrials,132,2,-0.01260087229533191,-1.8600732002024727
FIS,Financials,132,17,-0.03152435266875575,-1.8628966580849817
MTD,Health Care,132,4,-0.02482632079586078,-1.8680431347137716
LH,Health Care,132,2,-0.015862933895745557,-1.876531881851956
IT,Information Technology,132,65,-0.06882183538110676,-1.8782839903100632
GEHC,Health Care,132,3,-0.017223332642432587,-1.8820136665708778
ADBE,Information Technology,132,50,-0.06939030513149413,-1.8889365994871092
AOS,Industrials,132,3,-0.03206395926505623,-1.9050057185463327
REGN,Health Care,132,2,-0.004172869231895526,-1.912560985123151
TXT,Industrials,132,2,-0.018797192722500466,-1.9164266454789818
ALLE,Industrials,132,2,-0.032890732230260844,-1.920384586175478
JCI,Industrials,132,5,-0.02278878458159539,-1.9271223171123137
GILD,Health Care,132,2,-0.007241884761486905,-1.933390320060471
ABT,Health Care,132,3,-0.013668812741873815,-1.951095253946351
INTU,Information Technology,132,92,-0.08574010942677734,-1.9532705932595382
PG,Consumer Staples,132,7,-0.01873297788261985,-1.9579184898527777
XYL,Industrials,132,2,-0.015273969351097927,-1.9611546805756854
VZ,Communication Services,132,8,-0.03147019436484311,-2.0166553883615648
BDX,Health Care,132,3,-0.013932412232582236,-2.036701664110298
AIZ,Financials,132,3,-0.0028840563255704277,-2.0426265267478336
DLR,Real Estate,132,4,-0.013694162840113822,-2.0755387652155575
T,Communication Services,132,9,-0.039142469980565586,-2.0841079787073657
GPC,Consumer Discretionary,132,6,-0.013998656692521871,-2.1531108703650554
GD,Industrials,132,3,-0.003602910306870988,-2.162048768030829
MCK,Health Care,132,5,-0.011776656504962513,-2.194147409881787
TAP,Consumer Staples,132,9,-0.05372062563876823,-2.1949174480447327
MKC,Consumer Staples,132,16,-0.04614217957951994,-2.224948317922596
GWW,Industrials,132,3,-0.015323024722513123,-2.2365694804034475
GIS,Consumer Staples,132,5,-0.03605482820266459,-2.257137023300998
PCAR,Industrials,132,3,-0.016049261229843848,-2.294234744497514
SOLV,Health Care,132,3,-0.014709899513863478,-2.319699717011099
RTX,Industrials,132,5,-0.029349314725051756,-2.3612375040322875
SJM,Consumer Staples,132,7,-0.024225489558453606,-2.4108385435127935
APD,Materials,132,5,-0.02770048621924337,-2.411524914268147
LIN,Materials,132,5,-0.02637364842222978,-2.421932037349836
PEP,Consumer Staples,132,5,-0.03095340979204997,-2.468963629912344
DOV,Industrials,132,4,-0.02904598631781663,-2.682168242674205
IDXX,Health Care,132,5,-0.016916508311656142,-2.6862484558407678
BLDR,Industrials,132,62,-0.09938645847680794,-2.7067103390562863
ROK,Industrials,132,10,-0.05698974566675552,-2.7544239531723114
UHS,Health Care,132,8,-0.02639741085943359,-2.847683810962467
BSX,Health Care,132,12,-0.05680933941963007,-3.197062286733298
CSGP,Real Estate,132,86,-0.13224325626466238,-3.3182650125002238
PSKY,Communication Services,132,56,-0.11097024989846371,-3.340409558762841
