ticker,reason
AAAU,etf/fund
AAPD,etf/fund
AAPU,etf/fund
AAXJ,etf/fund
ACWI,etf/fund
ACWV,etf/fund
ACWX,etf/fund
AGG,etf/fund
AGQ,etf/fund
ALLW,etf/fund
AMDD,etf/fund
AMDL,etf/fund
AMDY,etf/fund
AMLP,etf/fund
AMZU,etf/fund
AMZY,etf/fund
ANGL,etf/fund
AOM,etf/fund
AOR,etf/fund
APLX,etf/fund
APPX,etf/fund
ARCX,etf/fund
ARKB,etf/fund
ARKF,etf/fund
ARKG,etf/fund
ARKK,etf/fund
ARKW,etf/fund
ARMK,etf/fund
ARTY,etf/fund
ASHR,etf/fund
ASTX,etf/fund
ATC,etf/fund
AVDE,etf/fund
AVDV,etf/fund
AVEM,etf/fund
AVGX,etf/fund
AVL,etf/fund
AVLV,etf/fund
AVUS,etf/fund
AVUV,etf/fund
BAB,etf/fund
BAI,etf/fund
BAIG,etf/fund
BAR,etf/fund
BARK,etf/fund
BBAI,etf/fund
BBEU,etf/fund
BBJP,etf/fund
BCI,etf/fund
BDVL,etf/fund
BDYN,etf/fund
BIL,etf/fund
BILS,etf/fund
BINC,etf/fund
BITA,etf/fund
BITB,etf/fund
BITI,etf/fund
BITO,etf/fund
BITU,etf/fund
BITX,etf/fund
BIV,etf/fund
BIZD,etf/fund
BKLN,etf/fund
BLOK,etf/fund
BLOX,etf/fund
BLSH,etf/fund
BLV,etf/fund
BMNU,etf/fund
BND,etf/fund
BNDX,etf/fund
BOIL,etf/fund
BOND,etf/fund
BOTZ,etf/fund
BOXX,etf/fund
BRKU,etf/fund
BSCJ,etf/fund
BSCK,etf/fund
BSCQ,etf/fund
BSCR,etf/fund
BSJJ,etf/fund
BSJK,etf/fund
BSJL,etf/fund
BSV,etf/fund
BSVO,etf/fund
BTC,etf/fund
BTCI,etf/fund
BTCZ,etf/fund
BUFD,etf/fund
BUFR,etf/fund
BUG,etf/fund
BULG,etf/fund
BULL,etf/fund
BUYW,etf/fund
BWX,etf/fund
CAIE,etf/fund
CALF,etf/fund
CAM,etf/fund
CART,etf/fund
CCUP,etf/fund
CGBL,etf/fund
CGCB,etf/fund
CGCP,etf/fund
CGDG,etf/fund
CGDV,etf/fund
CGGO,etf/fund
CGGR,etf/fund
CGMM,etf/fund
CGMS,etf/fund
CGMU,etf/fund
CGNG,etf/fund
CGSD,etf/fund
CGUS,etf/fund
CGXU,etf/fund
CIBR,etf/fund
CLIP,etf/fund
CLOU,etf/fund
CLOZ,etf/fund
CLSK,etf/fund
CLSX,etf/fund
CMF,etf/fund
CNK,etf/fund
CONI,etf/fund
CONL,etf/fund
CONY,etf/fund
COPX,etf/fund
CORD,etf/fund
COWZ,etf/fund
COYY,etf/fund
CPST,etf/fund
CRCA,etf/fund
CRCG,etf/fund
CRDU,etf/fund
CRSH,etf/fund
CRWG,etf/fund
CRWU,etf/fund
CTA,etf/fund
CWB,etf/fund
CWEB,etf/fund
CWI,etf/fund
CWVX,etf/fund
DBA,etf/fund
DBC,etf/fund
DBEF,etf/fund
DBMF,etf/fund
DBO,etf/fund
DDM,etf/fund
DEM,etf/fund
DES,etf/fund
DFAC,etf/fund
DFAE,etf/fund
DFAI,etf/fund
DFAR,etf/fund
DFAS,etf/fund
DFAT,etf/fund
DFAU,etf/fund
DFAX,etf/fund
DFCF,etf/fund
DFEM,etf/fund
DFEN,etf/fund
DFGR,etf/fund
DFIC,etf/fund
DFIS,etf/fund
DFIV,etf/fund
DFLV,etf/fund
DFSD,etf/fund
DFSV,etf/fund
DFUS,etf/fund
DFUV,etf/fund
DGAZ,leveraged/inverse ETP (incl. delisted ETNs)
DGAZF,leveraged/inverse ETP (incl. delisted ETNs)
DGRO,etf/fund
DGRW,etf/fund
DGS,etf/fund
DIA,etf/fund
DIHP,etf/fund
DISV,etf/fund
DIV,etf/fund
DIVI,etf/fund
DIVO,etf/fund
DJTU,etf/fund
DOG,etf/fund
DON,etf/fund
DPST,etf/fund
DRIP,etf/fund
DRN,etf/fund
DSLV,leveraged/inverse ETP (incl. delisted ETNs)
DUHP,etf/fund
DUSB,etf/fund
DUST,etf/fund
DVY,etf/fund
DWT,etf/fund
DXD,etf/fund
DXJ,etf/fund
EAGG,etf/fund
EBND,etf/fund
ECH,etf/fund
EDV,etf/fund
EEM,etf/fund
EEMV,etf/fund
EFA,etf/fund
EFAV,etf/fund
EFG,etf/fund
EFV,etf/fund
EIDO,etf/fund
EMB,etf/fund
EMC,etf/fund
EMES,etf/fund
EMLC,etf/fund
EMLP,etf/fund
EMXC,etf/fund
EPI,etf/fund
EPP,etf/fund
ERX,etf/fund
ERY,etf/fund
ESGD,etf/fund
ESGE,etf/fund
ESGU,etf/fund
ESGV,etf/fund
ETH,etf/fund
ETHA,etf/fund
ETHD,etf/fund
ETHE,etf/fund
ETHT,etf/fund
ETHU,etf/fund
ETHW,etf/fund
EUAD,etf/fund
EUFN,etf/fund
EV,etf/fund
EVTR,etf/fund
EWA,etf/fund
EWC,etf/fund
EWG,etf/fund
EWH,etf/fund
EWI,etf/fund
EWJ,etf/fund
EWL,etf/fund
EWM,etf/fund
EWP,etf/fund
EWQ,etf/fund
EWS,etf/fund
EWT,etf/fund
EWU,etf/fund
EWW,etf/fund
EWY,etf/fund
EWZ,etf/fund
EYES,etf/fund
EZU,etf/fund
FALN,etf/fund
FAS,etf/fund
FAZ,etf/fund
FBCG,etf/fund
FBL,etf/fund
FBND,etf/fund
FBTC,etf/fund
FCG,etf/fund
FDL,etf/fund
FDN,etf/fund
FDVV,etf/fund
FELC,etf/fund
FELG,etf/fund
FENI,etf/fund
FENY,etf/fund
FEZ,etf/fund
FHLC,etf/fund
FIAT,etf/fund
FIXD,etf/fund
FLOT,etf/fund
FLRN,etf/fund
FLTR,etf/fund
FLXN,etf/fund
FLXR,etf/fund
FMB,etf/fund
FMDE,etf/fund
FNDA,etf/fund
FNDC,etf/fund
FNDE,etf/fund
FNDF,etf/fund
FNDX,etf/fund
FNGD,etf/fund
FNGU,etf/fund
FPE,etf/fund
FPEI,etf/fund
FREL,etf/fund
FSIG,etf/fund
FTCB,etf/fund
FTCS,etf/fund
FTEC,etf/fund
FTGC,etf/fund
FTSL,etf/fund
FTSM,etf/fund
FUTY,etf/fund
FV,etf/fund
FVD,etf/fund
FXI,etf/fund
FXN,etf/fund
GASL,etf/fund
GBIL,etf/fund
GBTC,etf/fund
GDX,etf/fund
GDXD,etf/fund
GDXJ,etf/fund
GDXU,etf/fund
GGLL,etf/fund
GLD,etf/fund
GLDM,etf/fund
GMEU,etf/fund
GNMK,etf/fund
GNMX,etf/fund
GNR,etf/fund
GOGL,etf/fund
GOOG,duplicate class share
GOVT,etf/fund
GRNY,etf/fund
GSG,etf/fund
GSIE,etf/fund
GSLC,etf/fund
GSY,etf/fund
GUNR,etf/fund
GUSH,etf/fund
HDEF,etf/fund
HDV,etf/fund
HEFA,etf/fund
HELO,etf/fund
HIBS,etf/fund
HIMU,etf/fund
HIMZ,etf/fund
HODL,etf/fund
HOOG,etf/fund
HOOW,etf/fund
HOOY,etf/fund
HYD,etf/fund
HYG,etf/fund
HYLB,etf/fund
HYLS,etf/fund
HYMB,etf/fund
IAGG,etf/fund
IAU,etf/fund
IAUM,etf/fund
IBB,etf/fund
IBDL,etf/fund
IBDM,etf/fund
IBDR,etf/fund
IBDS,etf/fund
IBDW,etf/fund
IBIT,etf/fund
ICLN,etf/fund
ICSH,etf/fund
ICVT,etf/fund
IDEV,etf/fund
IDV,etf/fund
IEF,etf/fund
IEFA,etf/fund
IEI,etf/fund
IEMG,etf/fund
IEUR,etf/fund
IFRA,etf/fund
IGF,etf/fund
IGIB,etf/fund
IGLB,etf/fund
IGSB,etf/fund
IGV,etf/fund
IHDG,etf/fund
IHI,etf/fund
IJH,etf/fund
IJJ,etf/fund
IJK,etf/fund
IJR,etf/fund
IJS,etf/fund
ILF,etf/fund
INDA,etf/fund
INFL,etf/fund
INFO,etf/fund
INOV,etf/fund
INTW,etf/fund
IONX,etf/fund
IONZ,etf/fund
IQLT,etf/fund
ISTB,etf/fund
ITA,etf/fund
ITB,etf/fund
ITM,etf/fund
ITOT,etf/fund
IUSB,etf/fund
IUSG,etf/fund
IUSV,etf/fund
IVE,etf/fund
IVLU,etf/fund
IVOL,etf/fund
IVV,etf/fund
IVW,etf/fund
IWB,etf/fund
IWD,etf/fund
IWF,etf/fund
IWM,etf/fund
IWN,etf/fund
IWO,etf/fund
IWP,etf/fund
IWR,etf/fund
IWS,etf/fund
IWY,etf/fund
IXC,etf/fund
IXUS,etf/fund
IYE,etf/fund
IYR,etf/fund
IYW,etf/fund
JAAA,etf/fund
JBND,etf/fund
JDST,etf/fund
JEPI,etf/fund
JEPQ,etf/fund
JETS,etf/fund
JGRO,etf/fund
JHMM,etf/fund
JIRE,etf/fund
JMST,etf/fund
JMTG,etf/fund
JNK,etf/fund
JNUG,etf/fund
JPIE,etf/fund
JPST,etf/fund
KBE,etf/fund
KBWB,etf/fund
KEM,etf/fund
KIE,etf/fund
KMB,etf/fund
KOLD,etf/fund
KRE,etf/fund
KSA,etf/fund
KWEB,etf/fund
LABD,etf/fund
LABU,etf/fund
LABX,etf/fund
LAZR,etf/fund
LIT,etf/fund
LMBS,etf/fund
LQD,etf/fund
MARK,etf/fund
MBB,etf/fund
MCHI,etf/fund
MDY,etf/fund
METU,etf/fund
MGK,etf/fund
MGV,etf/fund
MIC,etf/fund
MINT,etf/fund
MJ,etf/fund
MLPA,etf/fund
MLPX,etf/fund
MOAT,etf/fund
MORL,etf/fund
MRAL,etf/fund
MRRL,etf/fund
MSFU,etf/fund
MSOS,etf/fund
MSOX,etf/fund
MST,etf/fund
MSTU,etf/fund
MSTW,etf/fund
MSTX,etf/fund
MSTY,etf/fund
MSTZ,etf/fund
MTBA,etf/fund
MTUM,etf/fund
MUB,etf/fund
MUU,etf/fund
MVLL,etf/fund
NAIL,etf/fund
NBIL,etf/fund
NEAR,etf/fund
NEBX,etf/fund
NFX,etf/fund
NMRK,etf/fund
NOBL,etf/fund
NUGT,etf/fund
NVD,etf/fund
NVDD,etf/fund
NVDL,etf/fund
NVDQ,etf/fund
NVDS,etf/fund
NVDU,etf/fund
NVDX,etf/fund
NVDY,etf/fund
NVOX,etf/fund
NVYY,etf/fund
OAKM,etf/fund
OIH,etf/fund
OILD,leveraged/inverse ETP (incl. delisted ETNs)
OILK,leveraged/inverse ETP (incl. delisted ETNs)
OILU,leveraged/inverse ETP (incl. delisted ETNs)
OKLL,etf/fund
OMAH,etf/fund
OMFL,etf/fund
ONCE,etf/fund
ONEQ,etf/fund
ONTX,etf/fund
OUNZ,etf/fund
PAAA,etf/fund
PAVE,etf/fund
PBW,etf/fund
PCEF,etf/fund
PCI,etf/fund
PCL,etf/fund
PCY,etf/fund
PDBC,etf/fund
PEY,etf/fund
PFF,etf/fund
PFFA,etf/fund
PFFD,etf/fund
PFLT,etf/fund
PFXF,etf/fund
PGF,etf/fund
PGX,etf/fund
PICK,etf/fund
PINC,etf/fund
PK,etf/fund
PLTD,etf/fund
PLTU,etf/fund
PLTY,etf/fund
PLTZ,etf/fund
PSQ,etf/fund
PTIR,etf/fund
PTLC,etf/fund
PULS,etf/fund
PXH,etf/fund
PYLD,etf/fund
PZA,etf/fund
QBTX,etf/fund
QBTZ,etf/fund
QDTE,etf/fund
QID,etf/fund
QLD,etf/fund
QLTY,etf/fund
QPUX,etf/fund
QQQ,etf/fund
QQQI,etf/fund
QQQM,etf/fund
QQQY,etf/fund
QUAL,etf/fund
QUBX,etf/fund
QYLD,etf/fund
RDTL,etf/fund
RDVI,etf/fund
RDVY,etf/fund
REET,etf/fund
REM,etf/fund
REML,etf/fund
RGTX,etf/fund
RIOX,etf/fund
RKLX,etf/fund
ROBN,etf/fund
RODM,etf/fund
RSP,etf/fund
RSPT,etf/fund
RWM,etf/fund
RYLD,etf/fund
SARK,etf/fund
SBIT,etf/fund
SCHA,etf/fund
SCHB,etf/fund
SCHC,etf/fund
SCHD,etf/fund
SCHE,etf/fund
SCHF,etf/fund
SCHG,etf/fund
SCHH,etf/fund
SCHK,etf/fund
SCHM,etf/fund
SCHO,etf/fund
SCHP,etf/fund
SCHR,etf/fund
SCHV,etf/fund
SCHX,etf/fund
SCHY,etf/fund
SCHZ,etf/fund
SCO,etf/fund
SCYB,etf/fund
SCZ,etf/fund
SDIV,etf/fund
SDOW,etf/fund
SDS,etf/fund
SDVY,etf/fund
SDY,etf/fund
SEMG,etf/fund
SGOL,etf/fund
SGOV,etf/fund
SH,etf/fund
SHM,etf/fund
SHV,etf/fund
SHY,etf/fund
SHYG,etf/fund
SHYM,etf/fund
SIL,etf/fund
SILJ,etf/fund
SIVR,etf/fund
SJNK,etf/fund
SKYY,etf/fund
SLON,etf/fund
SLQD,etf/fund
SLV,etf/fund
SLYV,etf/fund
SMBS,etf/fund
SMCL,etf/fund
SMCX,etf/fund
SMCY,etf/fund
SMCZ,etf/fund
SMH,etf/fund
SMST,etf/fund
SMTH,etf/fund
SMU,etf/fund
SMUP,etf/fund
SOFX,etf/fund
SOLT,etf/fund
SOLZ,etf/fund
SOUX,etf/fund
SOXL,etf/fund
SOXS,etf/fund
SOXX,etf/fund
SPAB,etf/fund
SPBO,etf/fund
SPDN,etf/fund
SPDW,etf/fund
SPEM,etf/fund
SPGP,etf/fund
SPHD,etf/fund
SPHQ,etf/fund
SPHY,etf/fund
SPIB,etf/fund
SPIP,etf/fund
SPLB,etf/fund
SPLS,etf/fund
SPLV,etf/fund
SPMB,etf/fund
SPMD,etf/fund
SPSB,etf/fund
SPSM,etf/fund
SPTI,etf/fund
SPTL,etf/fund
SPTM,etf/fund
SPTS,etf/fund
SPXL,etf/fund
SPXS,etf/fund
SPXU,etf/fund
SPY,etf/fund
SPYD,etf/fund
SPYG,etf/fund
SPYI,etf/fund
SPYU,etf/fund
SPYV,etf/fund
SQQQ,etf/fund
SRLN,etf/fund
SRTY,etf/fund
SSK,etf/fund
SSO,etf/fund
STIP,etf/fund
SUB,etf/fund
SUSC,etf/fund
SVIX,etf/fund
SVOL,etf/fund
SVXY,etf/fund
TAFI,etf/fund
TAN,etf/fund
TBF,etf/fund
TBLL,etf/fund
TBT,etf/fund
TCAF,etf/fund
TDTT,etf/fund
TECL,etf/fund
TECS,etf/fund
TEMT,etf/fund
TFI,etf/fund
TFLO,etf/fund
THRO,etf/fund
TIP,etf/fund
TIPX,etf/fund
TLH,etf/fund
TLT,etf/fund
TLTW,etf/fund
TMF,etf/fund
TMV,etf/fund
TNA,etf/fund
TOPT,etf/fund
TOT,etf/fund
TOTL,etf/fund
TQQQ,etf/fund
TRIL,etf/fund
TSDD,etf/fund
TSLG,etf/fund
TSLL,etf/fund
TSLQ,etf/fund
TSLR,etf/fund
TSLS,etf/fund
TSLT,etf/fund
TSLY,etf/fund
TSLZ,etf/fund
TSMX,etf/fund
TSYY,etf/fund
TUA,etf/fund
TUR,etf/fund
TVIX,leveraged/inverse ETP (incl. delisted ETNs)
TWM,etf/fund
TZA,etf/fund
UCO,etf/fund
UCON,etf/fund
UCTT,etf/fund
UDOW,etf/fund
UGAZ,leveraged/inverse ETP (incl. delisted ETNs)
UGLD,leveraged/inverse ETP (incl. delisted ETNs)
ULTY,etf/fund
UN,etf/fund
UNG,etf/fund
UNHG,etf/fund
UPRO,etf/fund
UPSX,etf/fund
URA,etf/fund
URNM,etf/fund
URTY,etf/fund
USFR,etf/fund
USHY,etf/fund
USIG,etf/fund
USLV,etf/fund
USMV,etf/fund
USO,etf/fund
USRT,etf/fund
UUP,etf/fund
UVIX,etf/fund
UVXY,etf/fund
UWM,etf/fund
UWT,etf/fund
UXRP,etf/fund
VB,etf/fund
VBIL,etf/fund
VBK,etf/fund
VBR,etf/fund
VCIT,etf/fund
VCLT,etf/fund
VCRB,etf/fund
VCSH,etf/fund
VDE,etf/fund
VEA,etf/fund
VELOCITYSHARES,leveraged/inverse ETP (incl. delisted ETNs)
VEU,etf/fund
VFH,etf/fund
VFLO,etf/fund
VGIT,etf/fund
VGK,etf/fund
VGLT,etf/fund
VGSH,etf/fund
VGT,etf/fund
VHT,etf/fund
VIG,etf/fund
VIGI,etf/fund
VIIX,leveraged/inverse ETP (incl. delisted ETNs)
VIXY,etf/fund
VLUE,etf/fund
VMBS,etf/fund
VNLA,etf/fund
VNM,etf/fund
VNQ,etf/fund
VNQI,etf/fund
VO,etf/fund
VOE,etf/fund
VONG,etf/fund
VONV,etf/fund
VOO,etf/fund
VOT,etf/fund
VPL,etf/fund
VPU,etf/fund
VRIG,etf/fund
VRP,etf/fund
VSS,etf/fund
VT,etf/fund
VTEB,etf/fund
VTI,etf/fund
VTIP,etf/fund
VTV,etf/fund
VTWO,etf/fund
VUG,etf/fund
VUSB,etf/fund
VV,etf/fund
VWO,etf/fund
VWOB,etf/fund
VXF,etf/fund
VXUS,etf/fund
VXX,etf/fund
VYM,etf/fund
VYMI,etf/fund
WCLD,etf/fund
WCMI,etf/fund
WEBL,etf/fund
WGMI,etf/fund
WT,etf/fund
XBI,etf/fund
XDTE,etf/fund
XHB,etf/fund
XIV,leveraged/inverse ETP (incl. delisted ETNs)
XLB,etf/fund
XLC,etf/fund
XLE,etf/fund
XLF,etf/fund
XLI,etf/fund
XLK,etf/fund
XLP,etf/fund
XLRE,etf/fund
XLU,etf/fund
XLV,etf/fund
XLY,etf/fund
XME,etf/fund
XOP,etf/fund
XOVR,etf/fund
XRPI,etf/fund
XRPR,etf/fund
XRPT,etf/fund
XRT,etf/fund
XSOE,etf/fund
XXRP,etf/fund
XYLD,etf/fund
YANG,etf/fund
YBIT,etf/fund
YINN,etf/fund
YYY,etf/fund
ZIV,leveraged/inverse ETP (incl. delisted ETNs)
ZSL,etf/fund
