ticker,gics_sector,start_date,end_date
AAPL,Information Technology,2000-01-01,
MSFT,Information Technology,2000-01-01,
NVDA,Information Technology,2000-01-01,
AVGO,Information Technology,2000-01-01,
ORCL,Information Technology,2000-01-01,
CRM,Information Technology,2000-01-01,
AMD,Information Technology,2000-01-01,
ADBE,Information Technology,2000-01-01,
CSCO,Information Technology,2000-01-01,
ACN,Information Technology,2000-01-01,
IBM,Information Technology,2000-01-01,
NOW,Information Technology,2000-01-01,
INTU,Information Technology,2000-01-01,
QCOM,Information Technology,2000-01-01,
TXN,Information Technology,2000-01-01,
AMAT,Information Technology,2000-01-01,
PANW,Information Technology,2000-01-01,
PLTR,Information Technology,2000-01-01,
ANET,Information Technology,2000-01-01,
MU,Information Technology,2000-01-01,
LRCX,Information Technology,2000-01-01,
KLAC,Information Technology,2000-01-01,
SNPS,Information Technology,2000-01-01,
CDNS,Information Technology,2000-01-01,
CRWD,Information Technology,2000-01-01,
APH,Information Technology,2000-01-01,
ADI,Information Technology,2000-01-01,
MSI,Information Technology,2000-01-01,
FTNT,Information Technology,2000-01-01,
DELL,Information Technology,2000-01-01,
INTC,Information Technology,2000-01-01,
HPQ,Information Technology,2000-01-01,
SMCI,Information Technology,2000-01-01,
MCHP,Information Technology,2000-01-01,
NXPI,Information Technology,2000-01-01,
ON,Information Technology,2000-01-01,
GLW,Information Technology,2000-01-01,
HPE,Information Technology,2000-01-01,
WDC,Information Technology,2000-01-01,
STX,Information Technology,2000-01-01,
NTAP,Information Technology,2000-01-01,
TER,Information Technology,2000-01-01,
ZBRA,Information Technology,2000-01-01,
KEYS,Information Technology,2000-01-01,
IT,Information Technology,2000-01-01,
GDDY,Information Technology,2000-01-01,
TYL,Information Technology,2000-01-01,
PTC,Information Technology,2000-01-01,
CDW,Information Technology,2000-01-01,
FSLR,Information Technology,2000-01-01,
VRSN,Information Technology,2000-01-01,
AKAM,Information Technology,2000-01-01,
JBL,Information Technology,2000-01-01,
SWKS,Information Technology,2000-01-01,
EPAM,Information Technology,2000-01-01,
JNPR,Information Technology,2000-01-01,
TDY,Information Technology,2000-01-01,
TRMB,Information Technology,2000-01-01,
FFIV,Information Technology,2000-01-01,
GEN,Information Technology,2000-01-01,
ENPH,Information Technology,2000-01-01,
QRVO,Information Technology,2000-01-01,
MPWR,Information Technology,2000-01-01,
SEDG,Information Technology,2000-01-01,
WDAY,Information Technology,2000-01-01,
BRK.B,Financials,2000-01-01,
JPM,Financials,2000-01-01,
V,Financials,2000-01-01,
MA,Financials,2000-01-01,
BAC,Financials,2000-01-01,
WFC,Financials,2000-01-01,
GS,Financials,2000-01-01,
MS,Financials,2000-01-01,
AXP,Financials,2000-01-01,
SPGI,Financials,2000-01-01,
BLK,Financials,2000-01-01,
C,Financials,2000-01-01,
SCHW,Financials,2000-01-01,
PGR,Financials,2000-01-01,
CB,Financials,2000-01-01,
MMC,Financials,2000-01-01,
KKR,Financials,2000-01-01,
FI,Financials,2000-01-01,
ICE,Financials,2000-01-01,
PYPL,Financials,2000-01-01,
CME,Financials,2000-01-01,
AON,Financials,2000-01-01,
MCO,Financials,2000-01-01,
APO,Financials,2000-01-01,
USB,Financials,2000-01-01,
PNC,Financials,2000-01-01,
COF,Financials,2000-01-01,
AJG,Financials,2000-01-01,
TFC,Financials,2000-01-01,
AFL,Financials,2000-01-01,
BK,Financials,2000-01-01,
TRV,Financials,2000-01-01,
ALL,Financials,2000-01-01,
AMP,Financials,2000-01-01,
MET,Financials,2000-01-01,
AIG,Financials,2000-01-01,
PRU,Financials,2000-01-01,
FIS,Financials,2000-01-01,
MSCI,Financials,2000-01-01,
ACGL,Financials,2000-01-01,
COIN,Financials,2000-01-01,
DFS,Financials,2000-01-01,
GPN,Financials,2000-01-01,
NDAQ,Financials,2000-01-01,
WTW,Financials,2000-01-01,
TROW,Financials,2000-01-01,
HIG,Financials,2000-01-01,
BRO,Financials,2000-01-01,
STT,Financials,2000-01-01,
RJF,Financials,2000-01-01,
CBOE,Financials,2000-01-01,
CINF,Financials,2000-01-01,
FITB,Financials,2000-01-01,
CPAY,Financials,2000-01-01,
SYF,Financials,2000-01-01,
MTB,Financials,2000-01-01,
NTRS,Financials,2000-01-01,
KEY,Financials,2000-01-01,
RF,Financials,2000-01-01,
PFG,Financials,2000-01-01,
CFG,Financials,2000-01-01,
HBAN,Financials,2000-01-01,
WRB,Financials,2000-01-01,
L,Financials,2000-01-01,
GL,Financials,2000-01-01,
AIZ,Financials,2000-01-01,
IVZ,Financials,2000-01-01,
EG,Financials,2000-01-01,
MKTX,Financials,2000-01-01,
BEN,Financials,2000-01-01,
JKHY,Financials,2000-01-01,
LLY,Health Care,2000-01-01,
UNH,Health Care,2000-01-01,
JNJ,Health Care,2000-01-01,
ABBV,Health Care,2000-01-01,
MRK,Health Care,2000-01-01,
TMO,Health Care,2000-01-01,
ABT,Health Care,2000-01-01,
DHR,Health Care,2000-01-01,
AMGN,Health Care,2000-01-01,
PFE,Health Care,2000-01-01,
ISRG,Health Care,2000-01-01,
ELV,Health Care,2000-01-01,
SYK,Health Care,2000-01-01,
VRTX,Health Care,2000-01-01,
REGN,Health Care,2000-01-01,
BSX,Health Care,2000-01-01,
MDT,Health Care,2000-01-01,
GILD,Health Care,2000-01-01,
CI,Health Care,2000-01-01,
ZTS,Health Care,2000-01-01,
CVS,Health Care,2000-01-01,
BDX,Health Care,2000-01-01,
MCK,Health Care,2000-01-01,
HCA,Health Care,2000-01-01,
COR,Health Care,2000-01-01,
IQV,Health Care,2000-01-01,
A,Health Care,2000-01-01,
RMD,Health Care,2000-01-01,
GEHC,Health Care,2000-01-01,
IDXX,Health Care,2000-01-01,
EW,Health Care,2000-01-01,
BIIB,Health Care,2000-01-01,
MTD,Health Care,2000-01-01,
DXCM,Health Care,2000-01-01,
HUM,Health Care,2000-01-01,
WST,Health Care,2000-01-01,
ZBH,Health Care,2000-01-01,
BAX,Health Care,2000-01-01,
STE,Health Care,2000-01-01,
PODD,Health Care,2000-01-01,
LH,Health Care,2000-01-01,
MOH,Health Care,2000-01-01,
CNC,Health Care,2000-01-01,
WAT,Health Care,2000-01-01,
HOLX,Health Care,2000-01-01,
VTRS,Health Care,2000-01-01,
DGX,Health Care,2000-01-01,
RVTY,Health Care,2000-01-01,
UHS,Health Care,2000-01-01,
INCY,Health Care,2000-01-01,
TFX,Health Care,2000-01-01,
CRL,Health Care,2000-01-01,
SOLV,Health Care,2000-01-01,
CTLT,Health Care,2000-01-01,
TECH,Health Care,2000-01-01,
HSIC,Health Care,2000-01-01,
BIO,Health Care,2000-01-01,
DVA,Health Care,2000-01-01,
MRNA,Health Care,2000-01-01,
ALGN,Health Care,2000-01-01,
AMZN,Consumer Discretionary,2000-01-01,
TSLA,Consumer Discretionary,2000-01-01,
HD,Consumer Discretionary,2000-01-01,
MCD,Consumer Discretionary,2000-01-01,
BKNG,Consumer Discretionary,2000-01-01,
LOW,Consumer Discretionary,2000-01-01,
TJX,Consumer Discretionary,2000-01-01,
SBUX,Consumer Discretionary,2000-01-01,
NKE,Consumer Discretionary,2000-01-01,
ORLY,Consumer Discretionary,2000-01-01,
CMG,Consumer Discretionary,2000-01-01,
AZO,Consumer Discretionary,2000-01-01,
ROST,Consumer Discretionary,2000-01-01,
DHI,Consumer Discretionary,2000-01-01,
GM,Consumer Discretionary,2000-01-01,
RCL,Consumer Discretionary,2000-01-01,
MAR,Consumer Discretionary,2000-01-01,
ABNB,Consumer Discretionary,2000-01-01,
HLT,Consumer Discretionary,2000-01-01,
F,Consumer Discretionary,2000-01-01,
YUM,Consumer Discretionary,2000-01-01,
LEN,Consumer Discretionary,2000-01-01,
EBAY,Consumer Discretionary,2000-01-01,
LULU,Consumer Discretionary,2000-01-01,
GRMN,Consumer Discretionary,2000-01-01,
NVR,Consumer Discretionary,2000-01-01,
PHM,Consumer Discretionary,2000-01-01,
DRI,Consumer Discretionary,2000-01-01,
EXPE,Consumer Discretionary,2000-01-01,
ULTA,Consumer Discretionary,2000-01-01,
TSCO,Consumer Discretionary,2000-01-01,
BBY,Consumer Discretionary,2000-01-01,
POOL,Consumer Discretionary,2000-01-01,
DECK,Consumer Discretionary,2000-01-01,
LVS,Consumer Discretionary,2000-01-01,
KMX,Consumer Discretionary,2000-01-01,
TPR,Consumer Discretionary,2000-01-01,
CZR,Consumer Discretionary,2000-01-01,
RL,Consumer Discretionary,2000-01-01,
DPZ,Consumer Discretionary,2000-01-01,
WYNN,Consumer Discretionary,2000-01-01,
MGM,Consumer Discretionary,2000-01-01,
HAS,Consumer Discretionary,2000-01-01,
BWA,Consumer Discretionary,2000-01-01,
MHK,Consumer Discretionary,2000-01-01,
APTV,Consumer Discretionary,2000-01-01,
LKQ,Consumer Discretionary,2000-01-01,
ETSY,Consumer Discretionary,2000-01-01,
GPC,Consumer Discretionary,2000-01-01,
WSM,Consumer Discretionary,2000-01-01,
GOOGL,Communication Services,2000-01-01,
META,Communication Services,2000-01-01,
NFLX,Communication Services,2000-01-01,
TMUS,Communication Services,2000-01-01,
DIS,Communication Services,2000-01-01,
CMCSA,Communication Services,2000-01-01,
T,Communication Services,2000-01-01,
VZ,Communication Services,2000-01-01,
CHTR,Communication Services,2000-01-01,
EA,Communication Services,2000-01-01,
TTWO,Communication Services,2000-01-01,
OMC,Communication Services,2000-01-01,
WBD,Communication Services,2000-01-01,
LYV,Communication Services,2000-01-01,
IPG,Communication Services,2000-01-01,
FOXA,Communication Services,2000-01-01,
FOX,Communication Services,2000-01-01,
MTCH,Communication Services,2000-01-01,
NWSA,Communication Services,2000-01-01,
NWS,Communication Services,2000-01-01,
PARA,Communication Services,2000-01-01,
DASH,Communication Services,2000-01-01,
GE,Industrials,2000-01-01,
CAT,Industrials,2000-01-01,
RTX,Industrials,2000-01-01,
UNP,Industrials,2000-01-01,
HON,Industrials,2000-01-01,
ETN,Industrials,2000-01-01,
UBER,Industrials,2000-01-01,
ADP,Industrials,2000-01-01,
BA,Industrials,2000-01-01,
LMT,Industrials,2000-01-01,
DE,Industrials,2000-01-01,
UPS,Industrials,2000-01-01,
PH,Industrials,2000-01-01,
TT,Industrials,2000-01-01,
WM,Industrials,2000-01-01,
GD,Industrials,2000-01-01,
TDG,Industrials,2000-01-01,
ITW,Industrials,2000-01-01,
MMM,Industrials,2000-01-01,
CTAS,Industrials,2000-01-01,
NOC,Industrials,2000-01-01,
FDX,Industrials,2000-01-01,
EMR,Industrials,2000-01-01,
CSX,Industrials,2000-01-01,
URI,Industrials,2000-01-01,
NSC,Industrials,2000-01-01,
GEV,Industrials,2000-01-01,
PCAR,Industrials,2000-01-01,
JCI,Industrials,2000-01-01,
CPRT,Industrials,2000-01-01,
GWW,Industrials,2000-01-01,
LHX,Industrials,2000-01-01,
CMI,Industrials,2000-01-01,
FAST,Industrials,2000-01-01,
PWR,Industrials,2000-01-01,
AME,Industrials,2000-01-01,
OTIS,Industrials,2000-01-01,
DAL,Industrials,2000-01-01,
RSG,Industrials,2000-01-01,
VRSK,Industrials,2000-01-01,
IR,Industrials,2000-01-01,
ODFL,Industrials,2000-01-01,
EFX,Industrials,2000-01-01,
WAB,Industrials,2000-01-01,
HWM,Industrials,2000-01-01,
XYL,Industrials,2000-01-01,
DOV,Industrials,2000-01-01,
VLTO,Industrials,2000-01-01,
BR,Industrials,2000-01-01,
FTV,Industrials,2000-01-01,
LDOS,Industrials,2000-01-01,
UAL,Industrials,2000-01-01,
EXPD,Industrials,2000-01-01,
HUBB,Industrials,2000-01-01,
J,Industrials,2000-01-01,
LUV,Industrials,2000-01-01,
CHRW,Industrials,2000-01-01,
TXT,Industrials,2000-01-01,
SNA,Industrials,2000-01-01,
JBHT,Industrials,2000-01-01,
SWK,Industrials,2000-01-01,
NDSN,Industrials,2000-01-01,
MAS,Industrials,2000-01-01,
ROK,Industrials,2000-01-01,
ALLE,Industrials,2000-01-01,
AOS,Industrials,2000-01-01,
PNR,Industrials,2000-01-01,
IEX,Industrials,2000-01-01,
CARR,Industrials,2000-01-01,
ROL,Industrials,2000-01-01,
PAYX,Industrials,2000-01-01,
AXON,Industrials,2000-01-01,
HII,Industrials,2000-01-01,
DAY,Industrials,2000-01-01,
GNRC,Industrials,2000-01-01,
PAYC,Industrials,2000-01-01,
BLDR,Industrials,2000-01-01,
WMT,Consumer Staples,2000-01-01,
PG,Consumer Staples,2000-01-01,
COST,Consumer Staples,2000-01-01,
KO,Consumer Staples,2000-01-01,
PEP,Consumer Staples,2000-01-01,
PM,Consumer Staples,2000-01-01,
MDLZ,Consumer Staples,2000-01-01,
MO,Consumer Staples,2000-01-01,
CL,Consumer Staples,2000-01-01,
TGT,Consumer Staples,2000-01-01,
KMB,Consumer Staples,2000-01-01,
STZ,Consumer Staples,2000-01-01,
GIS,Consumer Staples,2000-01-01,
SYY,Consumer Staples,2000-01-01,
KDP,Consumer Staples,2000-01-01,
KHC,Consumer Staples,2000-01-01,
ADM,Consumer Staples,2000-01-01,
HSY,Consumer Staples,2000-01-01,
MKC,Consumer Staples,2000-01-01,
CHD,Consumer Staples,2000-01-01,
K,Consumer Staples,2000-01-01,
DG,Consumer Staples,2000-01-01,
DLTR,Consumer Staples,2000-01-01,
CLX,Consumer Staples,2000-01-01,
TSN,Consumer Staples,2000-01-01,
CAG,Consumer Staples,2000-01-01,
BF.B,Consumer Staples,2000-01-01,
LW,Consumer Staples,2000-01-01,
SJM,Consumer Staples,2000-01-01,
TAP,Consumer Staples,2000-01-01,
HRL,Consumer Staples,2000-01-01,
CPB,Consumer Staples,2000-01-01,
EL,Consumer Staples,2000-01-01,
MNST,Consumer Staples,2000-01-01,
KVUE,Consumer Staples,2000-01-01,
BG,Consumer Staples,2000-01-01,
WBA,Consumer Staples,2000-01-01,
KR,Consumer Staples,2000-01-01,
XOM,Energy,2000-01-01,
CVX,Energy,2000-01-01,
COP,Energy,2000-01-01,
WMB,Energy,2000-01-01,
EOG,Energy,2000-01-01,
OKE,Energy,2000-01-01,
SLB,Energy,2000-01-01,
PSX,Energy,2000-01-01,
MPC,Energy,2000-01-01,
KMI,Energy,2000-01-01,
VLO,Energy,2000-01-01,
HES,Energy,2000-01-01,
OXY,Energy,2000-01-01,
FANG,Energy,2000-01-01,
BKR,Energy,2000-01-01,
TRGP,Energy,2000-01-01,
DVN,Energy,2000-01-01,
HAL,Energy,2000-01-01,
CTRA,Energy,2000-01-01,
EQT,Energy,2000-01-01,
MRO,Energy,2000-01-01,
APA,Energy,2000-01-01,
NEE,Utilities,2000-01-01,
SO,Utilities,2000-01-01,
DUK,Utilities,2000-01-01,
CEG,Utilities,2000-01-01,
SRE,Utilities,2000-01-01,
AEP,Utilities,2000-01-01,
D,Utilities,2000-01-01,
PCG,Utilities,2000-01-01,
EXC,Utilities,2000-01-01,
XEL,Utilities,2000-01-01,
ED,Utilities,2000-01-01,
PEG,Utilities,2000-01-01,
WEC,Utilities,2000-01-01,
AWK,Utilities,2000-01-01,
DTE,Utilities,2000-01-01,
ETR,Utilities,2000-01-01,
ES,Utilities,2000-01-01,
PPL,Utilities,2000-01-01,
FE,Utilities,2000-01-01,
AEE,Utilities,2000-01-01,
CMS,Utilities,2000-01-01,
CNP,Utilities,2000-01-01,
ATO,Utilities,2000-01-01,
NI,Utilities,2000-01-01,
LNT,Utilities,2000-01-01,
EVRG,Utilities,2000-01-01,
NRG,Utilities,2000-01-01,
PNW,Utilities,2000-01-01,
AES,Utilities,2000-01-01,
VST,Utilities,2000-01-01,
EIX,Utilities,2000-01-01,
PLD,Real Estate,2000-01-01,
AMT,Real Estate,2000-01-01,
EQIX,Real Estate,2000-01-01,
WELL,Real Estate,2000-01-01,
SPG,Real Estate,2000-01-01,
PSA,Real Estate,2000-01-01,
O,Real Estate,2000-01-01,
DLR,Real Estate,2000-01-01,
CCI,Real Estate,2000-01-01,
EXR,Real Estate,2000-01-01,
VICI,Real Estate,2000-01-01,
AVB,Real Estate,2000-01-01,
CBRE,Real Estate,2000-01-01,
IRM,Real Estate,2000-01-01,
CSGP,Real Estate,2000-01-01,
VTR,Real Estate,2000-01-01,
SBAC,Real Estate,2000-01-01,
WY,Real Estate,2000-01-01,
INVH,Real Estate,2000-01-01,
ARE,Real Estate,2000-01-01,
EQR,Real Estate,2000-01-01,
ESS,Real Estate,2000-01-01,
MAA,Real Estate,2000-01-01,
KIM,Real Estate,2000-01-01,
DOC,Real Estate,2000-01-01,
UDR,Real Estate,2000-01-01,
HST,Real Estate,2000-01-01,
CPT,Real Estate,2000-01-01,
REG,Real Estate,2000-01-01,
BXP,Real Estate,2000-01-01,
FRT,Real Estate,2000-01-01,
LIN,Materials,2000-01-01,
SHW,Materials,2000-01-01,
APD,Materials,2000-01-01,
ECL,Materials,2000-01-01,
FCX,Materials,2000-01-01,
NEM,Materials,2000-01-01,
CTVA,Materials,2000-01-01,
DOW,Materials,2000-01-01,
DD,Materials,2000-01-01,
PPG,Materials,2000-01-01,
NUE,Materials,2000-01-01,
VMC,Materials,2000-01-01,
MLM,Materials,2000-01-01,
IP,Materials,2000-01-01,
SW,Materials,2000-01-01,
LYB,Materials,2000-01-01,
IFF,Materials,2000-01-01,
PKG,Materials,2000-01-01,
STLD,Materials,2000-01-01,
AMCR,Materials,2000-01-01,
BALL,Materials,2000-01-01,
AVY,Materials,2000-01-01,
CF,Materials,2000-01-01,
ALB,Materials,2000-01-01,
MOS,Materials,2000-01-01,
EMN,Materials,2000-01-01,
FMC,Materials,2000-01-01,
